{
  "PlotDivisions": 
    19,
  "PlotScalingDeformation": 
    10.0,
  "PlotScalingForces": 
    0.1,
  "PyDOFS": 
    [
      [0, 1, 2, 3, 4, 5],
      [3, 4, 5, 6, 7, 8],
      [6, 7, 8, 9, 10, 11]
    ],
  "PyElementLoad": 
    [
      [0.0, 0.0],
      [0.0, 0.0],
      [0.0, 0.0]
    ],
  "PyElements": 
    [
      [0, 1],
      [1, 2],
      [2, 3]
    ],
  "PyMaterial": 
    [
      [200000000000.0, 0.0030000000000000001, 2.0000000000000002e-05, "unknown", "unknown"],
      [200000000000.0, 0.0030000000000000001, 2.0000000000000002e-05, "unknown", "unknown"],
      [200000000000.0, 0.0030000000000000001, 2.0000000000000002e-05, "unknown", "unknown"]
    ],
  "PyNodeLoad": 
    [
      [4, -10000.0]
    ],
  "PyNodes": 
    [
      [0.0, 4.0],
      [2.0, 4.0],
      [4.0, 4.0],
      [4.0, 0.0]
    ],
  "PySupport": 
    [0, 1, 9, 10],
  "UnitScaling": 
    1.0  
}