{
  "PlotDivisions": 
    19,
  "PlotScalingDeformation": 
    10.0,
  "PlotScalingForces": 
    0.1,
  "PyDOFS": 
    [
      [0, 1, 2, 3, 4, 5],
      [3, 4, 5, 6, 7, 8],
      [6, 7, 8, 9, 10, 11],
      [9, 10, 11, 12, 13, 14],
      [12, 13, 14, 15, 16, 17],
      [15, 16, 17, 18, 19, 20],
      [18, 19, 20, 21, 22, 23],
      [21, 22, 23, 24, 25, 26],
      [0, 1, 2, 27, 28, 29],
      [27, 28, 29, 30, 31, 32],
      [30, 31, 32, 33, 34, 35],
      [33, 34, 35, 36, 37, 38],
      [36, 37, 38, 39, 40, 41],
      [39, 40, 41, 42, 43, 44],
      [42, 43, 44, 45, 46, 47],
      [45, 46, 47, 24, 25, 26],
      [3, 4, 5, 27, 28, 29],
      [21, 22, 23, 45, 46, 47],
      [18, 19, 20, 45, 46, 47],
      [18, 19, 20, 42, 43, 44],
      [15, 16, 17, 42, 43, 44],
      [15, 16, 17, 39, 40, 41],
      [12, 13, 14, 39, 40, 41],
      [27, 28, 29, 6, 7, 8],
      [6, 7, 8, 30, 31, 32],
      [30, 31, 32, 9, 10, 11],
      [9, 10, 11, 33, 34, 35],
      [33, 34, 35, 12, 13, 14],
      [12, 13, 14, 36, 37, 38]
    ],
  "PyElementLoad": 
    [
      [0.0, -50059.974],
      [0.0, -50059.974],
      [0.0, -50059.974],
      [0.0, -50059.974],
      [0.0, -50059.974],
      [0.0, -50059.974],
      [0.0, -50059.974],
      [0.0, -50059.974],
      [-47.034434460019405, -37.210786756344469],
      [-33.451161502896461, -49.778514141214977],
      [-19.913200674797171, -56.571592826128381],
      [-6.675350680851469, -59.601345364745377],
      [6.675350680851469, -59.6013453647454],
      [19.913200674797224, -56.571592826128345],
      [33.451161502896461, -49.778514141214984],
      [47.034434460019419, -37.210786756344419],
      [-59.974000000000004, 0.0],
      [-59.974000000000004, 0.0],
      [-47.0344344600194, -37.210786756344469],
      [-59.974000000000004, 0.0],
      [-53.285448148071914, -27.523475283094989],
      [-59.974000000000004, 0.0],
      [-54.954436230618491, -24.018547303591987],
      [47.034434460019405, -37.210786756344469],
      [-59.974000000000004, 0.0],
      [53.285448148071914, -27.523475283095017],
      [-59.974000000000004, 0.0],
      [54.954436230618505, -24.018547303591987],
      [-59.974000000000004, 0.0]
    ],
  "PyElements": 
    [
      [0, 1],
      [1, 2],
      [2, 3],
      [3, 4],
      [4, 5],
      [5, 6],
      [6, 7],
      [7, 8],
      [0, 9],
      [9, 10],
      [10, 11],
      [11, 12],
      [12, 13],
      [13, 14],
      [14, 15],
      [15, 8],
      [1, 9],
      [7, 15],
      [6, 15],
      [6, 14],
      [5, 14],
      [5, 13],
      [4, 13],
      [9, 2],
      [2, 10],
      [10, 3],
      [3, 11],
      [11, 4],
      [4, 12]
    ],
  "PyMaterial": 
    [
      [210000000000.0, 0.00076400000000000003, 8.0139999999999996e-07, "IPE80", "S235"],
      [210000000000.0, 0.00076400000000000003, 8.0139999999999996e-07, "IPE80", "S235"],
      [210000000000.0, 0.00076400000000000003, 8.0139999999999996e-07, "IPE80", "S235"],
      [210000000000.0, 0.00076400000000000003, 8.0139999999999996e-07, "IPE80", "S235"],
      [210000000000.0, 0.00076400000000000003, 8.0139999999999996e-07, "IPE80", "S235"],
      [210000000000.0, 0.00076400000000000003, 8.0139999999999996e-07, "IPE80", "S235"],
      [210000000000.0, 0.00076400000000000003, 8.0139999999999996e-07, "IPE80", "S235"],
      [210000000000.0, 0.00076400000000000003, 8.0139999999999996e-07, "IPE80", "S235"],
      [210000000000.0, 0.00076400000000000003, 8.0139999999999996e-07, "IPE80", "S235"],
      [210000000000.0, 0.00076400000000000003, 8.0139999999999996e-07, "IPE80", "S235"],
      [210000000000.0, 0.00076400000000000003, 8.0139999999999996e-07, "IPE80", "S235"],
      [210000000000.0, 0.00076400000000000003, 8.0139999999999996e-07, "IPE80", "S235"],
      [210000000000.0, 0.00076400000000000003, 8.0139999999999996e-07, "IPE80", "S235"],
      [210000000000.0, 0.00076400000000000003, 8.0139999999999996e-07, "IPE80", "S235"],
      [210000000000.0, 0.00076400000000000003, 8.0139999999999996e-07, "IPE80", "S235"],
      [210000000000.0, 0.00076400000000000003, 8.0139999999999996e-07, "IPE80", "S235"],
      [210000000000.0, 0.00076400000000000003, 8.0139999999999996e-07, "IPE80", "S235"],
      [210000000000.0, 0.00076400000000000003, 8.0139999999999996e-07, "IPE80", "S235"],
      [210000000000.0, 0.00076400000000000003, 8.0139999999999996e-07, "IPE80", "S235"],
      [210000000000.0, 0.00076400000000000003, 8.0139999999999996e-07, "IPE80", "S235"],
      [210000000000.0, 0.00076400000000000003, 8.0139999999999996e-07, "IPE80", "S235"],
      [210000000000.0, 0.00076400000000000003, 8.0139999999999996e-07, "IPE80", "S235"],
      [210000000000.0, 0.00076400000000000003, 8.0139999999999996e-07, "IPE80", "S235"],
      [210000000000.0, 0.00076400000000000003, 8.0139999999999996e-07, "IPE80", "S235"],
      [210000000000.0, 0.00076400000000000003, 8.0139999999999996e-07, "IPE80", "S235"],
      [210000000000.0, 0.00076400000000000003, 8.0139999999999996e-07, "IPE80", "S235"],
      [210000000000.0, 0.00076400000000000003, 8.0139999999999996e-07, "IPE80", "S235"],
      [210000000000.0, 0.00076400000000000003, 8.0139999999999996e-07, "IPE80", "S235"],
      [210000000000.0, 0.00076400000000000003, 8.0139999999999996e-07, "IPE80", "S235"]
    ],
  "PyNodeLoad": 
    [
      [13, -80000.0]
    ],
  "PyNodes": 
    [
      [0.0, 0.0],
      [1.25, 0.0],
      [2.5, 0.0],
      [3.75, 0.0],
      [5.0, 0.0],
      [6.25, 0.0],
      [7.5, 0.0],
      [8.75, 0.0],
      [10.0, 0.0],
      [1.25, 1.58],
      [2.5, 2.42],
      [3.75, 2.86],
      [5.0, 3.0],
      [6.25, 2.86],
      [7.5, 2.42],
      [8.75, 1.58]
    ],
  "PySupport": 
    [0, 1, 25],
  "UnitScaling": 
    1000.0  
}